P,lagrange_multiplier_theta_mean,lagrange_multiplier_theta_min,lagrange_multiplier_theta_max,lagrange_multiplier_theta_25th_percentile,lagrange_multiplier_theta_75th_percentile
0.0,40.54130011178009,39.97285507829048,40.90419604300325,40.342618073487564,40.73627279180158
0.23,23.493452881671306,2.5872065034275273,35.31116160742093,22.42203779552245,24.346638914687674
0.05,32.66369889048155,18.142197934905262,39.43761589154276,31.847162341419697,33.83638448225877
0.08,30.436274924247755,0.6426564551177876,38.749060694879546,29.202745491985144,31.29974992365085
0.2,24.58174332632195,2.3621167322963004,36.0568508442824,23.55884475651537,25.562638224285458
0.27,22.16692664458981,2.9785636266290254,34.29544360091217,20.96276638707163,23.45309277213018
0.34,19.88543110855452,3.6096346993519646,32.42110808236104,18.512812299317115,21.254103046163735
0.37,18.950916446562143,3.9285001026536097,31.516853759769774,17.4264259104109,20.574220225257534
0.01,36.915462079872704,22.475003419383384,39.73571468818039,36.16799429421425,38.053333906197494
